{"cameraMode":{"drawMode":0,"name":"Shaded","section":"Shading Mode"},"sceneLighting":true,"audioPlay":false,"sceneViewState":{"m_AlwaysRefresh":false,"showFog":true,"showSkybox":true,"showFlares":true,"showImageEffects":true,"showParticleSystems":true,"showVisualEffectGraphs":true,"m_FxEnabled":true},"in2DMode":false,"pivot":{"x":323.9032897949219,"y":-227.14352416992188,"z":31.852357864379884},"rotation":{"x":-0.25052186846733096,"y":-0.5930246710777283,"z":0.20105664432048798,"w":-0.7384486794471741},"size":223.35769653320313,"orthographic":false}