{"cameraMode":{"drawMode":0,"name":"Shaded","section":"Shading Mode"},"sceneLighting":true,"audioPlay":false,"sceneViewState":{"m_AlwaysRefresh":false,"showFog":true,"showSkybox":true,"showFlares":true,"showImageEffects":true,"showParticleSystems":true,"showVisualEffectGraphs":true,"m_FxEnabled":true},"in2DMode":false,"pivot":{"x":6.127729892730713,"y":2.4967286586761476,"z":2.346536159515381},"rotation":{"x":-0.0322423093020916,"y":0.7794966697692871,"z":0.040261052548885348,"w":0.6243062615394592},"size":2.1635000705718996,"orthographic":false}